OrderID,CustomerID,ItemID,Quantity,RequestDay,RequiredDay,BoxSize 
1,36,334,23.0,0,69.0,Big,
2,42,150,7.0,0,5.0,Big,
3,76,66,11.0,0,178.0,Big,
4,110,972,10.0,0,73.0,Big,
5,105,401,31.0,0,186.0,Big,
6,19,567,4.0,0,55.0,Big,
7,109,354,16.0,0,130.0,Big,
8,24,937,19.0,0,101.0,Big,
9,92,722,36.0,0,15.0,Big,
10,63,340,10.0,0,54.0,Big,
11,28,968,17.0,1,10.0,Big,
12,14,92,9.0,1,96.0,Big,
13,49,314,6.0,1,3.0,Big,
14,97,1080,24.0,1,132.0,Big,
15,45,941,18.0,1,144.0,Big,
16,75,669,21.0,1,81.0,Big,
17,64,727,16.0,1,104.0,Big,
18,44,261,31.0,1,137.0,Big,
19,81,1004,13.0,1,62.0,Big,
20,29,1033,2.0,1,1.0,Big,
21,106,668,21.0,2,52.0,Big,
22,24,762,4.0,2,114.0,Big,
23,53,90,8.0,2,105.0,Big,
24,82,323,15.0,2,73.0,Big,
25,68,1068,9.0,2,101.0,Big,
26,40,902,7.0,2,133.0,Big,
27,87,12,16.0,2,299.0,Small,
28,53,350,4.0,2,124.0,Big,
29,42,939,19.0,2,39.0,Big,
30,55,1020,23.0,2,106.0,Big,
31,32,379,17.0,3,88.0,Big,
32,85,50,27.0,3,114.0,Big,
33,38,397,3.0,3,69.0,Big,
34,75,647,15.0,3,132.0,Big,
35,40,46,32.0,3,118.0,Big,
36,77,173,20.0,3,140.0,Big,
37,13,711,38.0,3,26.0,Big,
38,33,703,11.0,3,74.0,Big,
39,63,71,6.0,3,134.0,Big,
40,25,432,5.0,3,136.0,Big,
41,58,996,20.0,4,53.0,Big,
42,49,116,7.0,4,67.0,Big,
43,36,103,15.0,4,282.0,Big,
44,104,940,20.0,4,115.0,Big,
45,106,718,22.0,4,90.0,Big,
46,98,936,32.0,4,62.0,Big,
47,18,505,36.0,4,175.0,Big,
48,102,568,10.0,4,104.0,Big,
49,45,937,20.0,4,262.0,Big,
50,41,184,16.0,4,100.0,Big,
51,51,248,26.0,5,37.0,Big,
52,12,262,23.0,5,58.0,Big,
53,76,1051,1.0,5,43.0,Big,
54,106,359,6.0,5,254.0,Big,
55,82,958,25.0,5,158.0,Big,
56,103,248,2.0,5,83.0,Big,
57,28,968,22.0,5,7.0,Big,
58,93,371,22.0,5,148.0,Big,
59,38,587,17.0,5,43.0,Big,
60,103,512,39.0,5,275.0,Big,
61,99,346,7.0,6,14.0,Big,
62,77,329,6.0,6,4.0,Big,
63,99,78,45.0,6,100.0,Big,
64,68,971,44.0,6,6.0,Big,
65,107,389,21.0,6,189.0,Big,
66,51,295,17.0,6,230.0,Big,
67,57,835,4.0,6,169.0,Big,
68,86,161,14.0,6,29.0,Big,
69,89,883,6.0,6,175.0,Big,
70,98,531,23.0,6,144.0,Big,
71,13,1086,12.0,7,45.0,Big,
72,37,600,26.0,7,19.0,Big,
73,56,541,17.0,7,206.0,Big,
74,25,250,19.0,7,19.0,Big,
75,96,183,12.0,7,153.0,Big,
76,56,639,29.0,7,96.0,Big,
77,44,986,21.0,7,189.0,Big,
78,96,852,24.0,7,56.0,Big,
79,83,875,25.0,7,33.0,Big,
80,72,895,9.0,7,115.0,Big,
81,25,78,1.0,8,255.0,Big,
82,35,27,2.0,8,107.0,Big,
83,12,599,22.0,8,2.0,Big,
84,70,236,22.0,8,6.0,Big,
85,74,24,18.0,8,219.0,Big,
86,89,942,16.0,8,155.0,Big,
87,32,466,15.0,8,49.0,Big,
88,75,836,15.0,8,20.0,Big,
89,96,895,14.0,8,109.0,Big,
90,31,176,19.0,8,117.0,Big,
91,34,922,11.0,9,149.0,Big,
92,76,17,30.0,9,165.0,Big,
93,84,404,41.0,9,8.0,Big,
94,98,827,28.0,9,208.0,Big,
95,47,674,6.0,9,106.0,Big,
96,60,81,13.0,9,181.0,Big,
97,21,653,33.0,9,48.0,Big,
98,73,137,42.0,9,327.0,Big,
99,81,208,2.0,9,82.0,Big,
100,23,627,5.0,9,230.0,Big,
101,26,33,18.0,10,84.0,Big,
102,44,245,4.0,10,60.0,Big,
103,70,87,1.0,10,258.0,Big,
104,46,1034,34.0,10,7.0,Big,
105,81,477,22.0,10,79.0,Big,
106,54,1056,52.0,10,53.0,Big,
107,109,295,17.0,10,38.0,Big,
108,34,486,15.0,10,31.0,Big,
109,82,456,19.0,10,20.0,Big,
110,23,577,26.0,10,2.0,Big,
111,93,424,16.0,11,106.0,Big,
112,54,497,7.0,11,8.0,Big,
113,71,910,33.0,11,42.0,Big,
114,30,460,13.0,11,50.0,Big,
115,34,900,14.0,11,12.0,Big,
116,92,525,8.0,11,18.0,Big,
117,94,55,10.0,11,63.0,Big,
118,51,700,31.0,11,343.0,Big,
119,76,847,13.0,11,131.0,Big,
120,23,677,17.0,11,87.0,Big,
121,54,1094,19.0,12,128.0,Big,
122,46,861,7.0,12,89.0,Big,
123,49,704,11.0,12,6.0,Big,
124,92,707,20.0,12,11.0,Big,
125,110,253,28.0,12,110.0,Big,
126,61,143,42.0,12,9.0,Big,
127,50,907,7.0,12,154.0,Big,
128,99,941,19.0,12,53.0,Big,
129,41,432,30.0,12,161.0,Big,
130,109,332,6.0,12,285.0,Big,
131,79,1022,8.0,13,56.0,Big,
132,94,892,47.0,13,327.0,Big,
133,96,325,11.0,13,32.0,Big,
134,111,1012,41.0,13,51.0,Big,
135,28,127,16.0,13,258.0,Big,
136,58,106,28.0,13,3.0,Big,
137,30,374,34.0,13,115.0,Small,
138,60,583,40.0,13,184.0,Big,
139,75,526,15.0,13,155.0,Big,
140,37,163,15.0,13,171.0,Big,
141,45,874,32.0,14,301.0,Big,
142,37,25,12.0,14,16.0,Big,
143,21,388,19.0,14,6.0,Big,
144,40,906,16.0,14,45.0,Big,
145,54,788,19.0,14,145.0,Big,
146,83,963,6.0,14,143.0,Big,
147,67,116,27.0,14,156.0,Big,
148,94,756,18.0,14,69.0,Big,
149,93,663,8.0,14,193.0,Big,
150,67,327,14.0,14,123.0,Big,
151,48,44,34.0,15,40.0,Big,
152,82,432,7.0,15,232.0,Big,
153,108,758,15.0,15,39.0,Big,
154,16,733,37.0,15,77.0,Big,
155,26,637,8.0,15,313.0,Big,
156,69,730,39.0,15,115.0,Big,
157,69,1003,10.0,15,5.0,Big,
158,68,928,14.0,15,86.0,Big,
159,86,473,5.0,15,79.0,Big,
160,75,919,34.0,15,14.0,Big,
161,15,516,39.0,16,181.0,Big,
162,96,294,31.0,16,34.0,Big,
163,89,1066,18.0,16,203.0,Big,
164,103,305,19.0,16,82.0,Big,
165,22,613,44.0,16,141.0,Big,
166,53,219,7.0,16,34.0,Big,
167,68,927,25.0,16,77.0,Big,
168,56,974,23.0,16,138.0,Big,
169,34,331,30.0,16,65.0,Big,
170,42,1087,14.0,16,42.0,Big,
171,38,747,3.0,17,47.0,Big,
172,29,934,15.0,17,130.0,Big,
173,66,872,12.0,17,35.0,Big,
174,92,395,43.0,17,13.0,Big,
175,30,396,52.0,17,93.0,Big,
176,51,813,9.0,17,6.0,Big,
177,105,339,15.0,17,63.0,Big,
178,40,1050,16.0,17,95.0,Big,
179,97,67,9.0,17,24.0,Big,
180,11,109,27.0,17,70.0,Big,
181,74,453,7.0,18,308.0,Big,
182,35,371,39.0,18,134.0,Big,
183,14,689,21.0,18,4.0,Big,
184,61,406,18.0,18,45.0,Big,
185,102,327,14.0,18,361.0,Big,
186,111,239,17.0,18,20.0,Big,
187,54,1035,23.0,18,48.0,Big,
188,13,991,23.0,18,63.0,Big,
189,106,772,8.0,18,42.0,Big,
190,43,995,24.0,18,51.0,Big,
191,68,33,30.0,19,170.0,Big,
192,36,187,14.0,19,321.0,Big,
193,51,491,4.0,19,141.0,Big,
194,29,560,31.0,19,45.0,Big,
195,47,27,3.0,19,35.0,Big,
196,55,303,19.0,19,147.0,Big,
197,29,811,16.0,19,3.0,Big,
198,68,776,34.0,19,127.0,Big,
199,55,157,25.0,19,254.0,Big,
200,23,490,11.0,19,137.0,Big,
201,89,873,39.0,20,64.0,Big,
202,73,844,16.0,20,41.0,Big,
203,54,420,22.0,20,174.0,Big,
204,57,625,20.0,20,5.0,Big,
205,38,285,36.0,20,117.0,Big,
206,29,666,31.0,20,101.0,Big,
207,17,406,14.0,20,225.0,Big,
208,61,520,30.0,20,73.0,Big,
209,98,412,26.0,20,7.0,Big,
210,65,160,17.0,20,20.0,Big,
211,43,457,37.0,21,98.0,Big,
212,77,27,6.0,21,47.0,Big,
213,95,377,40.0,21,330.0,Big,
214,46,932,23.0,21,173.0,Big,
215,106,692,6.0,21,162.0,Big,
216,95,988,13.0,21,256.0,Big,
217,108,776,7.0,21,54.0,Big,
218,49,353,12.0,21,168.0,Big,
219,91,258,12.0,21,19.0,Big,
220,35,1065,23.0,21,158.0,Big,
221,50,1002,7.0,22,1.0,Big,
222,29,245,4.0,22,189.0,Big,
223,107,443,26.0,22,197.0,Big,
224,25,587,43.0,22,156.0,Big,
225,40,961,8.0,22,5.0,Big,
226,72,723,23.0,22,60.0,Big,
227,106,218,1.0,22,84.0,Big,
228,15,578,14.0,22,247.0,Big,
229,71,49,16.0,22,209.0,Big,
230,85,488,15.0,22,152.0,Big,
231,11,754,26.0,23,132.0,Big,
232,30,1063,13.0,23,132.0,Small,
233,74,628,31.0,23,64.0,Big,
234,47,769,23.0,23,155.0,Big,
235,54,326,14.0,23,117.0,Big,
236,28,908,24.0,23,9.0,Big,
237,69,331,9.0,23,84.0,Big,
238,19,403,12.0,23,106.0,Big,
239,72,545,21.0,23,278.0,Big,
240,59,450,18.0,23,191.0,Big,
241,41,1056,16.0,24,280.0,Big,
242,103,930,18.0,24,195.0,Big,
243,72,56,13.0,24,16.0,Big,
244,19,624,13.0,24,78.0,Big,
245,88,496,19.0,24,391.0,Big,
246,98,1033,11.0,24,276.0,Big,
247,56,697,47.0,24,41.0,Big,
248,109,769,11.0,24,56.0,Big,
249,74,339,8.0,24,52.0,Big,
250,107,184,1.0,24,98.0,Big,
251,106,242,37.0,25,64.0,Big,
252,51,88,14.0,25,1.0,Big,
253,98,1087,6.0,25,150.0,Big,
254,65,17,7.0,25,208.0,Big,
255,82,291,11.0,25,190.0,Big,
256,53,891,23.0,25,95.0,Big,
257,52,53,26.0,25,119.0,Big,
258,58,341,8.0,25,112.0,Big,
259,81,452,28.0,25,74.0,Big,
260,50,56,20.0,25,84.0,Big,
261,80,124,10.0,26,149.0,Big,
262,89,1004,17.0,26,107.0,Big,
263,76,762,16.0,26,231.0,Big,
264,65,1055,7.0,26,144.0,Big,
265,78,313,7.0,26,110.0,Big,
266,84,1084,26.0,26,48.0,Big,
267,91,851,12.0,26,137.0,Big,
268,89,357,9.0,26,94.0,Big,
269,69,550,17.0,26,52.0,Big,
270,102,170,24.0,26,290.0,Big,
271,98,1005,13.0,27,116.0,Big,
272,67,932,28.0,27,87.0,Big,
273,83,581,16.0,27,186.0,Big,
274,104,571,24.0,27,82.0,Big,
275,49,172,22.0,27,262.0,Big,
276,49,204,3.0,27,212.0,Small,
277,50,170,8.0,27,153.0,Big,
278,79,243,27.0,27,11.0,Big,
279,67,704,15.0,27,76.0,Big,
280,40,892,7.0,27,19.0,Big,
281,74,898,32.0,28,217.0,Big,
282,78,441,9.0,28,53.0,Big,
283,61,263,16.0,28,52.0,Big,
284,72,489,15.0,28,77.0,Big,
285,65,1020,23.0,28,20.0,Big,
286,30,580,2.0,28,153.0,Big,
287,94,880,13.0,28,132.0,Big,
288,69,1036,7.0,28,18.0,Big,
289,21,11,5.0,28,82.0,Big,
290,70,128,16.0,28,137.0,Small,
291,30,442,2.0,29,36.0,Big,
292,103,974,14.0,29,273.0,Big,
293,62,459,12.0,29,327.0,Big,
294,94,725,6.0,29,19.0,Big,
295,92,515,11.0,29,103.0,Big,
296,57,763,14.0,29,60.0,Big,
297,69,921,3.0,29,83.0,Big,
298,38,562,2.0,29,155.0,Big,
299,76,1048,21.0,29,80.0,Big,
300,12,310,13.0,29,82.0,Big,
301,99,464,17.0,30,107.0,Big,
302,71,894,21.0,30,86.0,Big,
303,22,642,5.0,30,103.0,Big,
304,12,418,40.0,30,315.0,Big,
305,27,799,15.0,30,68.0,Big,
306,96,848,14.0,30,18.0,Big,
307,57,194,17.0,30,321.0,Big,
308,94,847,20.0,30,91.0,Big,
309,44,32,16.0,30,28.0,Big,
310,68,336,16.0,30,43.0,Big,
311,57,176,18.0,31,216.0,Big,
312,69,1016,15.0,31,104.0,Big,
313,27,483,25.0,31,127.0,Big,
314,109,546,25.0,31,178.0,Big,
315,96,203,6.0,31,121.0,Big,
316,88,1044,20.0,31,56.0,Big,
317,77,19,11.0,31,111.0,Big,
318,101,14,21.0,31,36.0,Big,
319,38,755,21.0,31,165.0,Big,
320,59,189,23.0,31,251.0,Big,
321,22,582,36.0,32,58.0,Big,
322,58,543,11.0,32,13.0,Big,
323,68,565,17.0,32,24.0,Big,
324,80,42,4.0,32,242.0,Small,
325,44,857,32.0,32,175.0,Big,
326,44,466,6.0,32,120.0,Big,
327,26,41,33.0,32,155.0,Big,
328,53,80,10.0,32,25.0,Big,
329,12,54,13.0,32,75.0,Big,
330,38,627,6.0,32,185.0,Big,
331,37,357,35.0,33,56.0,Big,
332,37,853,21.0,33,74.0,Big,
333,29,853,19.0,33,101.0,Big,
334,13,215,4.0,33,187.0,Big,
335,40,680,9.0,33,7.0,Big,
336,27,1055,14.0,33,54.0,Big,
337,40,1093,15.0,33,114.0,Big,
338,108,1091,31.0,33,16.0,Big,
339,54,1083,16.0,33,87.0,Big,
340,72,343,30.0,33,117.0,Big,
341,81,494,6.0,34,12.0,Big,
342,19,541,7.0,34,169.0,Big,
343,94,345,3.0,34,100.0,Big,
344,109,914,10.0,34,119.0,Big,
345,69,1061,36.0,34,242.0,Big,
346,19,552,17.0,34,38.0,Big,
347,23,408,23.0,34,149.0,Small,
348,38,483,10.0,34,74.0,Big,
349,62,172,24.0,34,127.0,Big,
350,92,182,24.0,34,283.0,Big,
351,54,480,50.0,35,200.0,Big,
352,96,535,13.0,35,111.0,Big,
353,11,633,27.0,35,155.0,Big,
354,38,648,13.0,35,230.0,Big,
355,81,393,14.0,35,166.0,Big,
356,38,375,34.0,35,23.0,Big,
357,31,1076,31.0,35,365.0,Big,
358,15,307,18.0,35,52.0,Big,
359,60,565,2.0,35,135.0,Big,
360,27,628,6.0,35,6.0,Big,
361,92,760,30.0,36,261.0,Big,
362,18,480,17.0,36,138.0,Big,
363,94,341,11.0,36,79.0,Big,
364,31,236,8.0,36,107.0,Big,
365,76,41,15.0,36,30.0,Big,
366,73,86,20.0,36,82.0,Big,
367,74,306,12.0,36,49.0,Big,
368,93,1052,39.0,36,84.0,Big,
369,65,71,18.0,36,162.0,Small,
370,110,427,25.0,36,77.0,Big,
371,79,300,38.0,37,70.0,Big,
372,24,1022,15.0,37,164.0,Big,
373,33,183,20.0,37,180.0,Big,
374,19,142,12.0,37,404.0,Big,
375,51,914,10.0,37,164.0,Big,
376,51,822,23.0,37,175.0,Big,
377,103,883,10.0,37,296.0,Big,
378,71,1039,35.0,37,108.0,Big,
379,102,388,13.0,37,169.0,Big,
380,31,780,34.0,37,236.0,Big,
381,104,650,31.0,38,86.0,Big,
382,95,146,12.0,38,69.0,Big,
383,57,853,6.0,38,249.0,Big,
384,26,654,15.0,38,116.0,Big,
385,68,920,25.0,38,74.0,Big,
386,52,598,23.0,38,56.0,Big,
387,108,699,6.0,38,301.0,Big,
388,24,642,23.0,38,211.0,Big,
389,45,646,8.0,38,19.0,Big,
390,18,697,4.0,38,137.0,Big,
391,62,488,4.0,39,43.0,Big,
392,84,744,22.0,39,75.0,Big,
393,55,484,10.0,39,84.0,Big,
394,97,979,28.0,39,96.0,Big,
395,90,470,23.0,39,293.0,Big,
396,76,397,10.0,39,130.0,Big,
397,13,166,17.0,39,71.0,Big,
398,86,327,39.0,39,210.0,Big,
399,105,757,16.0,39,113.0,Big,
400,74,645,12.0,39,189.0,Big,
401,82,383,9.0,40,320.0,Big,
402,102,527,20.0,40,148.0,Big,
403,37,735,29.0,40,151.0,Big,
404,56,200,15.0,40,279.0,Big,
405,24,693,25.0,40,249.0,Big,
406,25,1090,8.0,40,111.0,Big,
407,36,691,18.0,40,129.0,Big,
408,18,702,10.0,40,117.0,Big,
409,106,945,11.0,40,28.0,Big,
410,30,955,5.0,40,17.0,Big,
411,105,334,25.0,41,375.0,Big,
412,13,4,28.0,41,34.0,Big,
413,45,961,21.0,41,57.0,Big,
414,79,429,13.0,41,174.0,Big,
415,88,966,30.0,41,183.0,Big,
416,65,907,31.0,41,118.0,Big,
417,64,107,34.0,41,149.0,Big,
418,76,434,18.0,41,180.0,Big,
419,91,1077,3.0,41,21.0,Small,
420,45,290,17.0,41,198.0,Big,
421,53,18,15.0,42,230.0,Big,
422,107,98,17.0,42,391.0,Big,
423,73,383,9.0,42,198.0,Big,
424,41,633,10.0,42,168.0,Big,
425,30,732,16.0,42,53.0,Big,
426,35,464,21.0,42,149.0,Big,
427,23,798,32.0,42,79.0,Big,
428,32,209,24.0,42,99.0,Big,
429,100,207,8.0,42,136.0,Big,
430,67,383,16.0,42,35.0,Big,
431,58,387,1.0,43,104.0,Big,
432,17,860,41.0,43,72.0,Big,
433,110,350,23.0,43,185.0,Big,
434,94,108,20.0,43,19.0,Big,
435,80,692,34.0,43,49.0,Big,
436,48,88,31.0,43,237.0,Big,
437,62,563,13.0,43,98.0,Big,
438,36,664,24.0,43,176.0,Small,
439,93,266,33.0,43,263.0,Big,
440,89,210,19.0,43,255.0,Big,
441,54,468,8.0,44,4.0,Big,
442,29,657,35.0,44,14.0,Big,
443,72,485,19.0,44,8.0,Big,
444,44,841,10.0,44,161.0,Big,
445,45,911,15.0,44,108.0,Big,
446,91,312,29.0,44,25.0,Big,
447,98,252,8.0,44,241.0,Big,
448,102,589,23.0,44,140.0,Big,
449,98,608,6.0,44,99.0,Big,
450,57,397,2.0,44,146.0,Big,
451,43,1035,28.0,45,55.0,Big,
452,65,877,31.0,45,199.0,Big,
453,87,63,27.0,45,123.0,Big,
454,95,108,27.0,45,337.0,Big,
455,24,681,18.0,45,93.0,Big,
456,46,938,10.0,45,182.0,Big,
457,78,158,28.0,45,91.0,Big,
458,80,368,9.0,45,121.0,Big,
459,47,314,41.0,45,31.0,Big,
460,14,1054,2.0,45,53.0,Big,
461,85,141,35.0,46,64.0,Big,
462,57,240,18.0,46,344.0,Big,
463,38,512,16.0,46,194.0,Big,
464,26,572,2.0,46,193.0,Big,
465,96,878,13.0,46,39.0,Big,
466,88,875,12.0,46,137.0,Big,
467,88,266,25.0,46,170.0,Big,
468,74,818,39.0,46,21.0,Big,
469,37,904,26.0,46,27.0,Big,
470,107,267,4.0,46,173.0,Big,
471,81,918,6.0,47,220.0,Big,
472,68,576,32.0,47,36.0,Big,
473,33,197,17.0,47,7.0,Big,
474,110,717,31.0,47,120.0,Big,
475,65,686,26.0,47,20.0,Big,
476,47,146,30.0,47,3.0,Big,
477,103,80,14.0,47,331.0,Big,
478,103,359,17.0,47,211.0,Big,
479,98,624,9.0,47,81.0,Big,
480,104,954,26.0,47,126.0,Big,
481,30,143,14.0,48,62.0,Big,
482,103,935,12.0,48,97.0,Big,
483,67,48,7.0,48,86.0,Big,
484,63,996,16.0,48,278.0,Big,
485,27,912,24.0,48,231.0,Big,
486,36,366,9.0,48,168.0,Big,
487,66,131,10.0,48,28.0,Big,
488,111,321,4.0,48,325.0,Big,
489,106,659,2.0,48,2.0,Big,
490,63,266,16.0,48,80.0,Big,
491,108,907,30.0,49,62.0,Big,
492,27,159,2.0,49,153.0,Big,
493,74,716,20.0,49,190.0,Big,
494,65,159,12.0,49,58.0,Big,
495,109,927,19.0,49,8.0,Big,
496,70,1094,11.0,49,10.0,Big,
497,104,178,5.0,49,149.0,Big,
498,95,101,2.0,49,346.0,Big,
499,27,442,31.0,49,64.0,Big,
500,29,740,37.0,49,117.0,Big,
501,83,94,18.0,50,168.0,Big,
502,55,663,19.0,50,42.0,Big,
503,91,376,29.0,50,81.0,Big,
504,18,433,31.0,50,270.0,Big,
505,40,431,38.0,50,122.0,Big,
506,49,850,18.0,50,121.0,Big,
507,66,384,4.0,50,100.0,Big,
508,77,343,29.0,50,70.0,Big,
509,47,544,29.0,50,66.0,Big,
510,32,372,1.0,50,108.0,Big,
511,51,39,27.0,51,28.0,Big,
512,59,695,15.0,51,336.0,Big,
513,61,19,23.0,51,217.0,Big,
514,63,234,31.0,51,120.0,Big,
515,24,436,13.0,51,167.0,Big,
516,38,126,32.0,51,269.0,Big,
517,46,931,3.0,51,154.0,Big,
518,89,801,31.0,51,273.0,Big,
519,66,578,13.0,51,128.0,Big,
520,68,471,24.0,51,50.0,Big,
521,107,814,17.0,52,338.0,Big,
522,46,101,21.0,52,158.0,Big,
523,52,854,22.0,52,118.0,Big,
524,72,383,29.0,52,40.0,Big,
525,38,62,17.0,52,68.0,Big,
526,16,571,14.0,52,7.0,Big,
527,71,540,8.0,52,294.0,Big,
528,67,705,40.0,52,260.0,Big,
529,91,332,26.0,52,49.0,Big,
530,66,760,11.0,52,41.0,Big,
531,11,897,9.0,53,188.0,Big,
532,60,50,1.0,53,75.0,Big,
533,50,35,11.0,53,160.0,Big,
534,31,718,27.0,53,215.0,Big,
535,15,447,9.0,53,114.0,Big,
536,95,29,12.0,53,12.0,Big,
537,30,383,6.0,53,89.0,Big,
538,39,191,12.0,53,246.0,Big,
539,11,741,13.0,53,199.0,Big,
540,96,749,22.0,53,32.0,Big,
541,40,144,31.0,54,291.0,Big,
542,67,887,9.0,54,126.0,Big,
543,28,883,25.0,54,10.0,Big,
544,68,670,20.0,54,108.0,Big,
545,23,891,18.0,54,172.0,Big,
546,98,308,6.0,54,6.0,Big,
547,22,895,21.0,54,53.0,Big,
548,110,401,17.0,54,308.0,Big,
549,79,954,17.0,54,318.0,Big,
550,110,490,17.0,54,158.0,Big,
551,86,146,6.0,55,120.0,Big,
552,26,522,7.0,55,143.0,Big,
553,77,109,25.0,55,15.0,Big,
554,34,725,19.0,55,149.0,Big,
555,51,501,19.0,55,69.0,Big,
556,31,174,12.0,55,98.0,Big,
557,81,257,8.0,55,156.0,Big,
558,57,91,25.0,55,107.0,Big,
559,71,117,9.0,55,80.0,Big,
560,18,975,13.0,55,77.0,Big,
561,30,157,7.0,56,43.0,Big,
562,36,756,23.0,56,95.0,Big,
563,42,974,12.0,56,55.0,Big,
564,41,722,40.0,56,127.0,Big,
565,51,132,22.0,56,25.0,Big,
566,79,700,19.0,56,19.0,Big,
567,49,141,28.0,56,49.0,Big,
568,74,938,29.0,56,89.0,Big,
569,11,93,21.0,56,225.0,Big,
570,78,948,7.0,56,47.0,Big,
571,83,243,31.0,57,165.0,Big,
572,40,151,12.0,57,33.0,Big,
573,32,956,39.0,57,111.0,Big,
574,59,145,9.0,57,50.0,Big,
575,11,620,5.0,57,29.0,Big,
576,70,238,15.0,57,57.0,Big,
577,58,528,35.0,57,34.0,Big,
578,66,586,6.0,57,258.0,Big,
579,108,1084,3.0,57,361.0,Big,
580,75,655,6.0,57,18.0,Big,
581,12,37,22.0,58,93.0,Big,
582,12,698,15.0,58,314.0,Big,
583,46,273,3.0,58,142.0,Big,
584,110,394,9.0,58,177.0,Big,
585,71,57,25.0,58,42.0,Big,
586,101,757,27.0,58,133.0,Big,
587,44,65,16.0,58,86.0,Big,
588,64,993,23.0,58,199.0,Big,
589,90,518,17.0,58,59.0,Big,
590,17,965,7.0,58,217.0,Big,
591,109,115,35.0,59,160.0,Big,
592,56,458,4.0,59,205.0,Big,
593,60,437,20.0,59,82.0,Big,
594,20,367,7.0,59,63.0,Big,
595,31,26,35.0,59,95.0,Big,
596,11,547,18.0,59,165.0,Big,
597,84,716,23.0,59,386.0,Big,
598,46,1017,24.0,59,3.0,Big,
599,85,31,48.0,59,64.0,Big,
600,80,44,14.0,59,338.0,Big,
601,86,461,18.0,60,63.0,Big,
602,18,301,28.0,60,107.0,Big,
603,32,681,29.0,60,97.0,Big,
604,108,606,15.0,60,93.0,Big,
605,16,911,33.0,60,91.0,Big,
606,87,915,5.0,60,180.0,Big,
607,45,1067,33.0,60,118.0,Big,
608,77,764,4.0,60,75.0,Big,
609,77,169,28.0,60,262.0,Big,
610,60,1095,25.0,60,264.0,Big,
611,94,1071,21.0,61,135.0,Big,
612,33,501,17.0,61,110.0,Big,
613,72,227,11.0,61,150.0,Big,
614,31,1082,11.0,61,120.0,Big,
615,64,279,3.0,61,157.0,Big,
616,37,559,24.0,61,52.0,Big,
617,108,960,5.0,61,204.0,Big,
618,43,882,15.0,61,130.0,Big,
619,30,310,25.0,61,105.0,Big,
620,50,29,16.0,61,112.0,Big,
621,26,402,30.0,62,212.0,Big,
622,32,242,14.0,62,22.0,Big,
623,51,175,25.0,62,223.0,Small,
624,24,1016,20.0,62,187.0,Big,
625,61,318,8.0,62,147.0,Big,
626,43,903,26.0,62,29.0,Big,
627,74,1012,6.0,62,61.0,Big,
628,54,80,24.0,62,58.0,Big,
629,58,377,12.0,62,111.0,Big,
630,66,528,2.0,62,375.0,Big,
631,52,816,4.0,63,259.0,Big,
632,67,471,17.0,63,161.0,Big,
633,67,653,10.0,63,266.0,Big,
634,51,487,37.0,63,19.0,Big,
635,95,647,15.0,63,79.0,Big,
636,18,650,12.0,63,56.0,Big,
637,103,1000,28.0,63,78.0,Big,
638,54,725,20.0,63,28.0,Big,
639,77,147,15.0,63,44.0,Big,
640,26,650,40.0,63,63.0,Big,
641,54,638,28.0,64,69.0,Big,
642,58,229,13.0,64,143.0,Big,
643,60,251,4.0,64,142.0,Big,
644,62,1003,14.0,64,153.0,Big,
645,62,542,21.0,64,189.0,Big,
646,36,820,3.0,64,208.0,Big,
647,19,468,40.0,64,27.0,Big,
648,41,54,38.0,64,30.0,Big,
649,27,485,26.0,64,61.0,Big,
650,58,82,7.0,64,67.0,Big,
651,92,943,36.0,65,23.0,Big,
652,26,886,43.0,65,192.0,Big,
653,30,771,7.0,65,13.0,Big,
654,94,563,29.0,65,65.0,Big,
655,17,951,10.0,65,50.0,Big,
656,100,285,9.0,65,255.0,Big,
657,89,523,9.0,65,364.0,Big,
658,111,381,30.0,65,7.0,Big,
659,25,652,7.0,65,107.0,Big,
660,93,139,25.0,65,91.0,Big,
661,77,561,3.0,66,122.0,Big,
662,80,643,17.0,66,181.0,Big,
663,52,503,5.0,66,22.0,Big,
664,94,1044,28.0,66,117.0,Big,
665,89,798,5.0,66,190.0,Big,
666,57,658,25.0,66,256.0,Big,
667,36,1017,2.0,66,24.0,Big,
668,105,544,15.0,66,105.0,Big,
669,107,508,28.0,66,142.0,Big,
670,84,1043,17.0,66,57.0,Big,
671,37,467,14.0,67,121.0,Big,
672,54,823,15.0,67,16.0,Big,
673,57,513,13.0,67,44.0,Big,
674,77,141,32.0,67,69.0,Big,
675,78,406,18.0,67,79.0,Big,
676,11,331,27.0,67,36.0,Big,
677,111,111,30.0,67,60.0,Big,
678,11,565,41.0,67,286.0,Big,
679,49,257,19.0,67,65.0,Big,
680,42,77,24.0,67,40.0,Big,
681,40,686,16.0,68,223.0,Big,
682,40,1018,20.0,68,149.0,Big,
683,82,546,32.0,68,236.0,Big,
684,14,1043,4.0,68,20.0,Big,
685,53,710,8.0,68,117.0,Big,
686,14,472,35.0,68,78.0,Big,
687,66,810,8.0,68,42.0,Big,
688,36,131,13.0,68,196.0,Big,
689,19,363,6.0,68,191.0,Big,
690,16,779,4.0,68,207.0,Big,
691,109,1034,34.0,69,60.0,Big,
692,77,496,28.0,69,10.0,Big,
693,56,364,9.0,69,199.0,Big,
694,25,91,15.0,69,170.0,Big,
695,89,283,29.0,69,239.0,Big,
696,38,1008,23.0,69,81.0,Big,
697,19,783,24.0,69,223.0,Big,
698,17,439,32.0,69,18.0,Big,
699,51,1041,11.0,69,252.0,Big,
700,11,369,30.0,69,7.0,Big,
701,84,413,18.0,70,185.0,Big,
702,99,689,30.0,70,262.0,Big,
703,70,778,6.0,70,181.0,Big,
704,55,534,22.0,70,119.0,Big,
705,66,135,21.0,70,252.0,Big,
706,50,331,15.0,70,138.0,Big,
707,72,80,16.0,70,84.0,Big,
708,39,887,24.0,70,98.0,Big,
709,71,929,9.0,70,73.0,Big,
710,38,357,28.0,70,110.0,Big,
711,47,47,16.0,71,248.0,Big,
712,99,976,12.0,71,155.0,Big,
713,90,879,6.0,71,128.0,Big,
714,49,22,27.0,71,96.0,Big,
715,54,739,7.0,71,13.0,Big,
716,89,490,20.0,71,147.0,Big,
717,88,211,18.0,71,266.0,Big,
718,14,566,11.0,71,35.0,Big,
719,18,46,18.0,71,349.0,Big,
720,91,265,23.0,71,62.0,Big,
721,88,907,12.0,72,39.0,Big,
722,15,617,17.0,72,317.0,Big,
723,66,499,39.0,72,108.0,Big,
724,80,183,8.0,72,17.0,Big,
725,56,658,24.0,72,40.0,Big,
726,52,283,7.0,72,83.0,Big,
727,19,220,13.0,72,198.0,Big,
728,87,953,11.0,72,326.0,Big,
729,21,478,18.0,72,21.0,Big,
730,14,529,14.0,72,141.0,Big,
731,62,1052,22.0,73,103.0,Big,
732,86,1091,5.0,73,283.0,Big,
733,14,423,32.0,73,16.0,Big,
734,56,1042,21.0,73,67.0,Big,
735,76,749,14.0,73,16.0,Big,
736,19,39,2.0,73,128.0,Big,
737,23,634,8.0,73,89.0,Big,
738,59,126,31.0,73,53.0,Big,
739,53,335,24.0,73,225.0,Big,
740,64,975,29.0,73,164.0,Big,
741,34,80,3.0,74,1.0,Big,
742,55,1096,12.0,74,103.0,Big,
743,107,658,46.0,74,167.0,Big,
744,31,997,16.0,74,192.0,Big,
745,82,425,22.0,74,50.0,Big,
746,79,444,31.0,74,190.0,Big,
747,17,167,15.0,74,161.0,Big,
748,78,764,40.0,74,79.0,Big,
749,35,804,7.0,74,172.0,Big,
750,14,138,27.0,74,124.0,Big,
751,26,719,23.0,75,116.0,Big,
752,39,784,26.0,75,158.0,Big,
753,12,211,22.0,75,123.0,Big,
754,11,39,15.0,75,174.0,Big,
755,32,463,8.0,75,141.0,Big,
756,25,530,26.0,75,62.0,Big,
757,64,720,19.0,75,123.0,Big,
758,92,960,5.0,75,7.0,Big,
759,78,1009,12.0,75,135.0,Big,
760,102,15,18.0,75,91.0,Big,
761,85,113,5.0,76,52.0,Big,
762,52,1034,3.0,76,12.0,Big,
763,75,652,17.0,76,43.0,Big,
764,97,296,17.0,76,131.0,Big,
765,99,118,15.0,76,264.0,Big,
766,49,757,3.0,76,22.0,Big,
767,53,605,34.0,76,226.0,Big,
768,35,152,17.0,76,176.0,Big,
769,70,1074,7.0,76,164.0,Small,
770,94,661,4.0,76,75.0,Big,
771,81,817,10.0,77,17.0,Big,
772,19,640,20.0,77,267.0,Big,
773,41,551,24.0,77,132.0,Big,
774,15,162,20.0,77,287.0,Big,
775,68,937,26.0,77,132.0,Big,
776,31,748,37.0,77,69.0,Big,
777,109,388,7.0,77,209.0,Big,
778,109,844,22.0,77,292.0,Big,
779,101,841,33.0,77,192.0,Big,
780,63,104,10.0,77,177.0,Big,
781,90,976,24.0,78,26.0,Big,
782,65,1069,20.0,78,37.0,Big,
783,63,364,17.0,78,76.0,Big,
784,38,972,19.0,78,45.0,Big,
785,44,202,37.0,78,196.0,Big,
786,97,277,12.0,78,157.0,Big,
787,103,645,19.0,78,70.0,Big,
788,98,1005,13.0,78,51.0,Big,
789,69,29,12.0,78,53.0,Big,
790,87,792,12.0,78,297.0,Big,
791,63,987,22.0,79,97.0,Big,
792,88,138,32.0,79,203.0,Big,
793,93,504,8.0,79,57.0,Big,
794,41,648,9.0,79,203.0,Big,
795,15,886,9.0,79,110.0,Big,
796,68,787,23.0,79,53.0,Big,
797,77,573,33.0,79,188.0,Big,
798,25,1047,18.0,79,121.0,Big,
799,21,391,2.0,79,231.0,Small,
800,105,846,19.0,79,283.0,Big,
801,16,69,19.0,80,36.0,Big,
802,15,801,24.0,80,38.0,Big,
803,47,809,2.0,80,9.0,Big,
804,111,417,31.0,80,172.0,Big,
805,45,574,17.0,80,36.0,Big,
806,100,1072,45.0,80,16.0,Big,
807,12,941,8.0,80,258.0,Big,
808,80,965,19.0,80,114.0,Small,
809,77,914,36.0,80,151.0,Big,
810,109,446,8.0,80,231.0,Big,
811,36,771,12.0,81,206.0,Big,
812,52,483,43.0,81,86.0,Big,
813,94,955,18.0,81,51.0,Big,
814,80,1033,8.0,81,97.0,Small,
815,64,76,19.0,81,129.0,Big,
816,72,625,22.0,81,18.0,Big,
817,16,996,5.0,81,12.0,Big,
818,101,293,23.0,81,240.0,Big,
819,111,1019,29.0,81,298.0,Big,
820,104,231,7.0,81,224.0,Big,
821,108,525,4.0,82,65.0,Big,
822,47,588,32.0,82,203.0,Big,
823,109,118,15.0,82,164.0,Big,
824,71,1019,27.0,82,69.0,Big,
825,68,1026,14.0,82,54.0,Big,
826,83,939,27.0,82,234.0,Big,
827,19,181,18.0,82,49.0,Big,
828,29,272,11.0,82,307.0,Big,
829,111,1083,10.0,82,190.0,Big,
830,51,902,25.0,82,79.0,Big,
831,45,459,28.0,83,164.0,Big,
832,21,449,15.0,83,113.0,Big,
833,76,133,13.0,83,59.0,Big,
834,38,684,3.0,83,327.0,Big,
835,20,507,8.0,83,137.0,Big,
836,83,291,12.0,83,112.0,Big,
837,53,750,20.0,83,148.0,Big,
838,50,710,22.0,83,112.0,Big,
839,63,808,26.0,83,20.0,Big,
840,94,395,5.0,83,134.0,Big,
841,36,917,1.0,84,89.0,Big,
842,26,399,34.0,84,130.0,Big,
843,53,168,25.0,84,31.0,Big,
844,53,203,6.0,84,64.0,Big,
845,64,254,23.0,84,175.0,Big,
846,90,813,4.0,84,21.0,Big,
847,17,249,29.0,84,87.0,Big,
848,55,119,20.0,84,5.0,Big,
849,80,526,6.0,84,275.0,Big,
850,111,129,9.0,84,74.0,Small,
851,58,1044,24.0,85,97.0,Big,
852,109,238,1.0,85,284.0,Big,
853,58,443,8.0,85,134.0,Big,
854,96,1013,38.0,85,24.0,Big,
855,55,675,39.0,85,167.0,Big,
856,45,451,9.0,85,55.0,Big,
857,67,874,5.0,85,116.0,Big,
858,67,251,19.0,85,106.0,Big,
859,16,687,22.0,85,55.0,Big,
860,22,149,8.0,85,141.0,Big,
861,69,1059,35.0,86,55.0,Big,
862,66,627,9.0,86,149.0,Big,
863,20,109,26.0,86,125.0,Big,
864,61,858,30.0,86,95.0,Big,
865,79,965,20.0,86,149.0,Big,
866,25,277,52.0,86,182.0,Big,
867,42,359,20.0,86,194.0,Big,
868,57,195,15.0,86,161.0,Big,
869,45,902,7.0,86,169.0,Big,
870,95,781,10.0,86,336.0,Big,
871,40,342,24.0,87,134.0,Big,
872,40,57,22.0,87,82.0,Big,
873,69,945,4.0,87,238.0,Big,
874,84,1049,1.0,87,21.0,Big,
875,79,802,17.0,87,175.0,Big,
876,40,429,41.0,87,106.0,Big,
877,30,1033,3.0,87,188.0,Big,
878,62,681,26.0,87,72.0,Big,
879,33,973,24.0,87,51.0,Big,
880,21,420,6.0,87,186.0,Small,
881,33,1076,15.0,88,93.0,Big,
882,35,902,3.0,88,86.0,Big,
883,90,1053,1.0,88,143.0,Big,
884,108,139,11.0,88,138.0,Big,
885,70,261,9.0,88,110.0,Big,
886,60,741,21.0,88,135.0,Big,
887,94,247,11.0,88,275.0,Big,
888,54,379,18.0,88,117.0,Big,
889,110,235,1.0,88,272.0,Big,
890,34,384,12.0,88,45.0,Big,
891,109,824,27.0,89,133.0,Big,
892,59,526,29.0,89,286.0,Big,
893,48,38,2.0,89,69.0,Big,
894,33,760,5.0,89,115.0,Big,
895,52,227,16.0,89,226.0,Big,
896,90,338,9.0,89,87.0,Big,
897,36,252,22.0,89,14.0,Big,
898,84,135,33.0,89,201.0,Big,
899,75,10,2.0,89,57.0,Big,
900,84,554,8.0,89,151.0,Big,
901,71,876,9.0,90,191.0,Big,
902,24,429,28.0,90,63.0,Big,
903,110,535,40.0,90,167.0,Big,
904,111,997,11.0,90,220.0,Big,
905,70,808,38.0,90,164.0,Big,
906,70,76,9.0,90,165.0,Big,
907,100,296,24.0,90,58.0,Big,
908,75,590,12.0,90,280.0,Big,
909,62,1017,20.0,90,82.0,Big,
910,77,153,21.0,90,112.0,Big,
911,89,193,9.0,91,225.0,Big,
912,98,998,20.0,91,120.0,Big,
913,101,901,21.0,91,190.0,Big,
914,103,552,4.0,91,69.0,Big,
915,75,1072,20.0,91,187.0,Big,
916,91,412,13.0,91,105.0,Small,
917,54,1070,5.0,91,1.0,Big,
918,70,892,28.0,91,6.0,Big,
919,18,499,12.0,91,115.0,Big,
920,53,298,2.0,91,25.0,Big,
921,75,830,28.0,92,113.0,Big,
922,83,296,22.0,92,33.0,Big,
923,42,504,6.0,92,206.0,Big,
924,29,628,9.0,92,12.0,Big,
925,99,600,16.0,92,51.0,Big,
926,32,783,13.0,92,120.0,Big,
927,59,897,8.0,92,152.0,Big,
928,81,933,24.0,92,66.0,Big,
929,49,179,28.0,92,189.0,Big,
930,90,452,3.0,92,154.0,Big,
931,46,507,34.0,93,219.0,Big,
932,91,174,25.0,93,97.0,Big,
933,70,280,15.0,93,167.0,Big,
934,95,970,14.0,93,155.0,Big,
935,28,784,28.0,93,38.0,Big,
936,65,54,30.0,93,193.0,Big,
937,65,1074,4.0,93,70.0,Big,
938,25,601,10.0,93,86.0,Big,
939,68,351,18.0,93,30.0,Big,
940,14,632,25.0,93,100.0,Big,
941,60,878,13.0,94,270.0,Big,
942,32,254,24.0,94,135.0,Big,
943,61,658,12.0,94,205.0,Big,
944,12,70,28.0,94,244.0,Big,
945,96,229,28.0,94,74.0,Big,
946,40,376,5.0,94,162.0,Big,
947,100,558,4.0,94,96.0,Big,
948,111,831,13.0,94,68.0,Big,
949,90,50,9.0,94,6.0,Big,
950,75,383,12.0,94,178.0,Big,
951,96,135,17.0,95,143.0,Big,
952,90,177,25.0,95,208.0,Big,
953,63,1054,8.0,95,129.0,Big,
954,68,405,7.0,95,7.0,Big,
955,95,86,10.0,95,4.0,Big,
956,96,94,9.0,95,4.0,Big,
957,51,1098,19.0,95,62.0,Big,
958,69,944,10.0,95,17.0,Big,
959,99,310,12.0,95,112.0,Big,
960,108,515,15.0,95,103.0,Big,
961,80,914,22.0,96,135.0,Big,
962,91,351,28.0,96,73.0,Big,
963,35,596,1.0,96,22.0,Big,
964,16,856,16.0,96,324.0,Big,
965,110,973,21.0,96,44.0,Big,
966,36,296,20.0,96,90.0,Big,
967,69,276,5.0,96,159.0,Big,
968,20,771,13.0,96,146.0,Big,
969,66,410,23.0,96,252.0,Big,
970,48,351,9.0,96,138.0,Big,
971,30,937,20.0,97,45.0,Big,
972,32,253,18.0,97,277.0,Big,
973,28,999,5.0,97,344.0,Big,
974,95,943,10.0,97,130.0,Big,
975,22,634,16.0,97,14.0,Big,
976,46,989,40.0,97,50.0,Big,
977,84,525,4.0,97,181.0,Big,
978,34,274,26.0,97,125.0,Big,
979,106,66,12.0,97,122.0,Big,
980,27,1006,29.0,97,130.0,Big,
981,56,415,13.0,98,62.0,Big,
982,101,400,31.0,98,108.0,Big,
983,15,127,4.0,98,4.0,Big,
984,15,503,32.0,98,51.0,Big,
985,73,900,3.0,98,22.0,Big,
986,53,788,10.0,98,280.0,Big,
987,93,972,17.0,98,270.0,Big,
988,14,35,41.0,98,2.0,Big,
989,59,392,25.0,98,94.0,Big,
990,61,123,6.0,98,53.0,Big,
991,23,102,16.0,99,78.0,Big,
992,65,788,18.0,99,51.0,Big,
993,110,804,23.0,99,353.0,Big,
994,65,73,11.0,99,162.0,Small,
995,63,470,2.0,99,396.0,Big,
996,49,26,14.0,99,38.0,Big,
997,110,719,16.0,99,140.0,Big,
998,30,331,4.0,99,139.0,Big,
999,63,721,33.0,99,30.0,Big,
1000,64,569,40.0,99,12.0,Big,
1001,47,191,17.0,100,44.0,Big,
1002,15,374,27.0,100,98.0,Big,
1003,108,73,10.0,100,68.0,Big,
1004,44,124,27.0,100,42.0,Big,
1005,50,339,18.0,100,2.0,Big,
1006,62,861,12.0,100,238.0,Big,
1007,62,246,21.0,100,81.0,Big,
1008,110,1026,22.0,100,81.0,Big,
1009,23,103,12.0,100,57.0,Big,
1010,83,212,10.0,100,11.0,Big,
1011,22,506,26.0,101,113.0,Big,
1012,70,101,24.0,101,205.0,Big,
1013,54,539,4.0,101,383.0,Big,
1014,25,793,16.0,101,50.0,Big,
1015,24,657,18.0,101,17.0,Big,
1016,75,387,11.0,101,275.0,Big,
1017,40,685,5.0,101,264.0,Big,
1018,36,678,22.0,101,66.0,Big,
1019,27,827,30.0,101,119.0,Big,
1020,18,868,15.0,101,42.0,Big,
1021,16,275,24.0,102,124.0,Big,
1022,51,66,29.0,102,71.0,Big,
1023,18,1070,11.0,102,77.0,Small,
1024,50,207,28.0,102,123.0,Big,
1025,19,433,22.0,102,112.0,Big,
1026,26,539,21.0,102,94.0,Big,
1027,63,965,20.0,102,225.0,Big,
1028,109,55,20.0,102,27.0,Big,
1029,32,661,18.0,102,73.0,Big,
1030,56,538,33.0,102,33.0,Big,
1031,55,1037,7.0,103,255.0,Big,
1032,73,408,3.0,103,41.0,Big,
1033,82,1072,40.0,103,222.0,Big,
1034,68,273,12.0,103,124.0,Big,
1035,98,812,19.0,103,245.0,Big,
1036,95,503,43.0,103,209.0,Big,
1037,102,1055,17.0,103,89.0,Big,
1038,22,423,12.0,103,20.0,Big,
1039,22,1034,11.0,103,28.0,Big,
1040,111,1002,4.0,103,88.0,Big,
1041,83,241,26.0,104,42.0,Big,
1042,47,1033,28.0,104,100.0,Big,
1043,52,393,4.0,104,118.0,Big,
1044,67,60,19.0,104,42.0,Big,
1045,75,665,29.0,104,109.0,Big,
1046,51,211,30.0,104,186.0,Big,
1047,90,164,8.0,104,79.0,Big,
1048,40,467,17.0,104,175.0,Big,
1049,93,444,13.0,104,182.0,Big,
1050,83,281,15.0,104,70.0,Big,
1051,72,550,15.0,105,170.0,Big,
1052,25,755,6.0,105,109.0,Big,
1053,12,264,22.0,105,90.0,Big,
1054,62,248,6.0,105,125.0,Big,
1055,82,199,9.0,105,74.0,Big,
1056,87,573,24.0,105,51.0,Big,
1057,67,314,37.0,105,52.0,Big,
1058,38,649,19.0,105,11.0,Big,
1059,83,220,27.0,105,3.0,Big,
1060,32,653,1.0,105,141.0,Small,
1061,75,12,4.0,106,129.0,Big,
1062,73,944,15.0,106,58.0,Big,
1063,21,548,29.0,106,52.0,Big,
1064,60,812,18.0,106,74.0,Big,
1065,33,1084,24.0,106,158.0,Big,
1066,110,340,20.0,106,3.0,Big,
1067,97,633,26.0,106,68.0,Big,
1068,68,934,21.0,106,140.0,Big,
1069,51,810,43.0,106,125.0,Big,
1070,41,658,32.0,106,332.0,Big,
1071,27,529,20.0,107,14.0,Big,
1072,108,39,8.0,107,40.0,Big,
1073,17,877,1.0,107,242.0,Big,
1074,37,671,24.0,107,179.0,Big,
1075,97,681,16.0,107,50.0,Big,
1076,39,777,26.0,107,254.0,Big,
1077,30,18,23.0,107,154.0,Big,
1078,12,691,29.0,107,190.0,Big,
1079,98,629,25.0,107,158.0,Big,
1080,78,276,17.0,107,75.0,Big,
1081,84,796,20.0,108,281.0,Big,
1082,74,291,3.0,108,199.0,Big,
1083,43,229,1.0,108,80.0,Big,
1084,70,149,23.0,108,4.0,Big,
1085,25,540,8.0,108,117.0,Big,
1086,16,1095,23.0,108,157.0,Big,
1087,52,906,29.0,108,51.0,Big,
1088,20,833,52.0,108,213.0,Big,
1089,16,1056,17.0,108,251.0,Big,
1090,68,268,24.0,108,171.0,Big,
1091,62,721,1.0,109,153.0,Big,
1092,46,964,14.0,109,137.0,Big,
1093,81,810,26.0,109,70.0,Big,
1094,19,1087,15.0,109,81.0,Big,
1095,28,1048,25.0,109,219.0,Big,
1096,65,894,28.0,109,136.0,Big,
1097,66,560,24.0,109,205.0,Big,
1098,107,793,10.0,109,98.0,Big,
1099,49,1049,10.0,109,92.0,Big,
1100,34,517,9.0,109,83.0,Big,
1101,102,658,24.0,110,191.0,Big,
1102,38,263,29.0,110,22.0,Big,
1103,108,1069,15.0,110,68.0,Big,
1104,101,623,27.0,110,195.0,Big,
1105,64,404,23.0,110,158.0,Big,
1106,94,812,13.0,110,168.0,Big,
1107,80,619,37.0,110,256.0,Big,
1108,44,707,12.0,110,126.0,Big,
1109,49,242,18.0,110,55.0,Big,
1110,20,326,8.0,110,21.0,Big,
1111,62,240,24.0,111,183.0,Big,
1112,93,654,35.0,111,211.0,Big,
1113,91,819,15.0,111,27.0,Big,
1114,60,681,8.0,111,100.0,Big,
1115,38,1052,9.0,111,47.0,Big,
1116,68,10,27.0,111,68.0,Big,
1117,42,679,28.0,111,42.0,Big,
1118,85,889,32.0,111,315.0,Big,
1119,91,462,40.0,111,30.0,Big,
1120,47,399,29.0,111,99.0,Big,
1121,90,419,14.0,112,190.0,Big,
1122,91,378,21.0,112,98.0,Big,
1123,66,119,25.0,112,242.0,Big,
1124,75,1036,11.0,112,34.0,Big,
1125,73,698,21.0,112,113.0,Big,
1126,32,333,26.0,112,42.0,Big,
1127,95,214,25.0,112,26.0,Big,
1128,60,653,24.0,112,16.0,Big,
1129,18,568,9.0,112,99.0,Big,
1130,70,787,28.0,112,50.0,Big,
1131,96,94,18.0,113,126.0,Big,
1132,31,977,24.0,113,48.0,Big,
1133,17,845,10.0,113,70.0,Big,
1134,89,373,43.0,113,124.0,Big,
1135,32,659,32.0,113,14.0,Big,
1136,47,370,19.0,113,18.0,Big,
1137,20,837,33.0,113,13.0,Big,
1138,30,555,26.0,113,98.0,Big,
1139,101,547,10.0,113,60.0,Big,
1140,89,521,5.0,113,78.0,Big,
1141,41,585,7.0,114,225.0,Big,
1142,72,568,1.0,114,283.0,Big,
1143,38,217,8.0,114,11.0,Big,
1144,67,226,18.0,114,170.0,Big,
1145,98,271,24.0,114,175.0,Big,
1146,75,518,19.0,114,133.0,Big,
1147,47,272,15.0,114,117.0,Big,
1148,106,587,33.0,114,70.0,Big,
1149,19,490,28.0,114,94.0,Big,
1150,18,167,32.0,114,238.0,Big,
1151,73,782,7.0,115,76.0,Big,
1152,102,442,25.0,115,92.0,Big,
1153,95,520,38.0,115,92.0,Big,
1154,12,592,6.0,115,45.0,Big,
1155,64,620,16.0,115,9.0,Big,
1156,82,625,1.0,115,93.0,Big,
1157,50,286,18.0,115,288.0,Big,
1158,58,741,45.0,115,24.0,Big,
1159,44,616,1.0,115,137.0,Small,
1160,62,481,13.0,115,52.0,Big,
1161,47,1053,25.0,116,181.0,Big,
1162,20,862,16.0,116,33.0,Big,
1163,74,487,22.0,116,195.0,Big,
1164,24,547,14.0,116,160.0,Big,
1165,69,813,2.0,116,18.0,Big,
1166,47,830,12.0,116,75.0,Big,
1167,89,619,13.0,116,104.0,Big,
1168,52,569,18.0,116,130.0,Big,
1169,44,961,37.0,116,189.0,Big,
1170,74,662,12.0,116,18.0,Big,
1171,28,784,12.0,117,216.0,Big,
1172,21,386,5.0,117,330.0,Big,
1173,83,78,16.0,117,27.0,Big,
1174,48,507,20.0,117,166.0,Big,
1175,34,189,24.0,117,162.0,Big,
1176,76,1010,37.0,117,68.0,Big,
1177,99,571,10.0,117,182.0,Big,
1178,23,781,4.0,117,45.0,Big,
1179,43,110,28.0,117,327.0,Big,
1180,110,1045,14.0,117,24.0,Big,
1181,16,1098,6.0,118,242.0,Big,
1182,45,995,12.0,118,57.0,Big,
1183,36,570,13.0,118,10.0,Big,
1184,32,653,22.0,118,5.0,Big,
1185,38,193,9.0,118,79.0,Big,
1186,39,163,15.0,118,204.0,Big,
1187,59,661,35.0,118,131.0,Big,
1188,41,426,9.0,118,11.0,Big,
1189,41,652,16.0,118,45.0,Big,
1190,83,491,10.0,118,210.0,Big,
1191,45,403,3.0,119,192.0,Big,
1192,53,314,6.0,119,35.0,Big,
1193,56,116,10.0,119,181.0,Big,
1194,102,96,23.0,119,81.0,Big,
1195,55,356,16.0,119,49.0,Big,
1196,100,693,11.0,119,11.0,Big,
1197,33,299,4.0,119,67.0,Big,
1198,79,1038,26.0,119,114.0,Big,
1199,29,752,29.0,119,364.0,Big,
1200,82,986,17.0,119,223.0,Big,
1201,45,751,31.0,120,56.0,Big,
1202,67,205,40.0,120,236.0,Small,
1203,93,13,26.0,120,230.0,Big,
1204,84,991,6.0,120,119.0,Big,
1205,11,575,13.0,120,103.0,Big,
1206,17,179,16.0,120,92.0,Big,
1207,11,886,2.0,120,66.0,Big,
1208,97,307,32.0,120,117.0,Big,
1209,15,380,22.0,120,193.0,Big,
1210,19,749,16.0,120,54.0,Big,
1211,26,903,44.0,121,109.0,Big,
1212,80,249,24.0,121,206.0,Big,
1213,12,277,19.0,121,64.0,Big,
1214,106,965,15.0,121,63.0,Big,
1215,71,42,16.0,121,315.0,Big,
1216,87,1071,18.0,121,128.0,Big,
1217,107,393,21.0,121,174.0,Big,
1218,85,828,2.0,121,31.0,Big,
1219,15,887,6.0,121,22.0,Big,
1220,24,367,17.0,121,231.0,Big,
1221,89,484,26.0,122,127.0,Big,
1222,62,87,14.0,122,220.0,Big,
1223,76,356,9.0,122,162.0,Big,
1224,53,794,27.0,122,70.0,Big,
1225,81,153,11.0,122,212.0,Big,
1226,22,435,15.0,122,183.0,Big,
1227,59,84,32.0,122,253.0,Big,
1228,110,682,28.0,122,48.0,Big,
1229,84,424,14.0,122,14.0,Big,
1230,52,515,36.0,122,199.0,Big,
1231,24,151,8.0,123,146.0,Big,
1232,88,213,16.0,123,64.0,Big,
1233,29,160,15.0,123,203.0,Big,
1234,34,1059,20.0,123,42.0,Big,
1235,69,366,18.0,123,84.0,Big,
1236,15,412,28.0,123,212.0,Big,
1237,75,931,4.0,123,38.0,Big,
1238,77,383,3.0,123,23.0,Big,
1239,94,876,16.0,123,61.0,Big,
1240,38,197,5.0,123,342.0,Big,
1241,88,860,7.0,124,237.0,Big,
1242,93,693,29.0,124,55.0,Big,
1243,77,422,9.0,124,274.0,Big,
1244,53,232,14.0,124,1.0,Big,
1245,37,1052,7.0,124,275.0,Big,
1246,42,897,28.0,124,349.0,Big,
1247,80,324,2.0,124,206.0,Big,
1248,59,504,23.0,124,96.0,Big,
1249,43,1027,4.0,124,71.0,Big,
1250,69,735,49.0,124,140.0,Big,
1251,26,618,37.0,125,406.0,Big,
1252,111,114,5.0,125,102.0,Big,
1253,91,663,18.0,125,228.0,Big,
1254,48,847,1.0,125,124.0,Big,
1255,13,136,38.0,125,139.0,Big,
1256,40,461,18.0,125,45.0,Big,
1257,86,613,1.0,125,9.0,Big,
1258,86,241,46.0,125,293.0,Big,
1259,51,52,16.0,125,98.0,Big,
1260,32,574,2.0,125,65.0,Big,
1261,52,386,36.0,126,55.0,Big,
1262,32,792,30.0,126,64.0,Big,
1263,101,350,9.0,126,58.0,Big,
1264,36,847,28.0,126,90.0,Big,
1265,57,866,15.0,126,347.0,Big,
1266,56,774,29.0,126,134.0,Big,
1267,104,480,38.0,126,109.0,Big,
1268,72,961,12.0,126,80.0,Big,
1269,58,1000,13.0,126,100.0,Big,
1270,81,615,21.0,126,77.0,Big,
1271,38,36,19.0,127,30.0,Big,
1272,70,398,37.0,127,285.0,Big,
1273,78,502,19.0,127,108.0,Big,
1274,105,1001,12.0,127,46.0,Big,
1275,75,1013,18.0,127,37.0,Big,
1276,46,967,26.0,127,102.0,Big,
1277,31,929,32.0,127,94.0,Big,
1278,41,1045,21.0,127,140.0,Big,
1279,75,419,4.0,127,42.0,Big,
1280,76,618,47.0,127,12.0,Big,
1281,98,125,31.0,128,76.0,Big,
1282,95,596,28.0,128,6.0,Big,
1283,95,706,1.0,128,196.0,Big,
1284,32,478,5.0,128,85.0,Big,
1285,67,940,29.0,128,165.0,Big,
1286,47,902,27.0,128,66.0,Big,
1287,20,546,19.0,128,338.0,Big,
1288,54,908,33.0,128,42.0,Big,
1289,56,514,3.0,128,211.0,Big,
1290,108,908,1.0,128,42.0,Big,
1291,35,509,22.0,129,270.0,Big,
1292,71,653,17.0,129,226.0,Big,
1293,59,706,26.0,129,238.0,Big,
1294,80,914,26.0,129,1.0,Big,
1295,25,1012,19.0,129,100.0,Big,
1296,21,1043,22.0,129,266.0,Big,
1297,78,780,31.0,129,74.0,Big,
1298,50,1009,7.0,129,216.0,Big,
1299,33,287,18.0,129,59.0,Big,
1300,23,1054,14.0,129,55.0,Big,
1301,53,957,20.0,130,150.0,Big,
1302,34,323,34.0,130,141.0,Big,
1303,111,693,4.0,130,383.0,Big,
1304,15,589,4.0,130,188.0,Big,
1305,61,423,34.0,130,55.0,Big,
1306,39,490,18.0,130,8.0,Big,
1307,17,994,18.0,130,195.0,Big,
1308,64,1027,35.0,130,28.0,Big,
1309,65,336,7.0,130,67.0,Big,
1310,18,414,16.0,130,231.0,Big,
1311,85,541,16.0,131,82.0,Big,
1312,15,654,5.0,131,86.0,Big,
1313,34,1064,11.0,131,207.0,Big,
1314,11,307,31.0,131,55.0,Big,
1315,93,608,13.0,131,275.0,Big,
1316,45,37,16.0,131,23.0,Big,
1317,21,234,18.0,131,150.0,Big,
1318,42,88,13.0,131,136.0,Big,
1319,102,685,34.0,131,5.0,Big,
1320,99,210,12.0,131,97.0,Big,
1321,108,480,6.0,132,141.0,Big,
1322,40,548,17.0,132,193.0,Big,
1323,48,257,32.0,132,55.0,Big,
1324,85,630,17.0,132,174.0,Big,
1325,95,668,8.0,132,33.0,Big,
1326,21,432,23.0,132,140.0,Big,
1327,45,871,38.0,132,166.0,Big,
1328,107,857,30.0,132,126.0,Big,
1329,104,405,5.0,132,21.0,Big,
1330,88,523,12.0,132,68.0,Small,
1331,29,369,6.0,133,119.0,Big,
1332,100,250,21.0,133,87.0,Big,
1333,47,510,15.0,133,198.0,Big,
1334,101,614,16.0,133,188.0,Big,
1335,86,474,16.0,133,128.0,Big,
1336,75,557,22.0,133,135.0,Big,
1337,37,207,11.0,133,18.0,Big,
1338,17,333,23.0,133,103.0,Big,
1339,69,388,11.0,133,14.0,Big,
1340,19,346,4.0,133,169.0,Big,
1341,98,807,10.0,134,120.0,Big,
1342,16,201,10.0,134,76.0,Big,
1343,82,905,6.0,134,151.0,Big,
1344,56,993,21.0,134,163.0,Big,
1345,32,602,25.0,134,92.0,Big,
1346,103,1014,8.0,134,7.0,Big,
1347,103,835,25.0,134,142.0,Big,
1348,99,116,11.0,134,14.0,Big,
1349,48,679,21.0,134,160.0,Big,
1350,87,816,40.0,134,4.0,Big,
1351,90,190,36.0,135,98.0,Big,
1352,24,1006,17.0,135,210.0,Big,
1353,30,894,12.0,135,167.0,Big,
1354,101,36,24.0,135,61.0,Big,
1355,71,846,14.0,135,191.0,Big,
1356,32,296,10.0,135,180.0,Big,
1357,90,470,9.0,135,275.0,Big,
1358,56,916,8.0,135,59.0,Big,
1359,23,446,16.0,135,221.0,Big,
1360,27,627,7.0,135,192.0,Big,
1361,96,793,31.0,136,90.0,Big,
1362,85,367,21.0,136,7.0,Big,
1363,79,92,40.0,136,41.0,Big,
1364,24,605,19.0,136,1.0,Big,
1365,17,13,19.0,136,102.0,Big,
1366,94,1099,13.0,136,137.0,Big,
1367,56,214,2.0,136,20.0,Big,
1368,81,654,11.0,136,183.0,Big,
1369,94,330,37.0,136,175.0,Small,
1370,79,164,41.0,136,91.0,Big,
1371,97,359,34.0,137,222.0,Big,
1372,19,603,12.0,137,114.0,Big,
1373,108,520,35.0,137,152.0,Big,
1374,38,211,29.0,137,18.0,Big,
1375,39,419,10.0,137,231.0,Big,
1376,94,416,30.0,137,81.0,Big,
1377,80,1056,3.0,137,64.0,Big,
1378,53,408,23.0,137,137.0,Big,
1379,100,522,17.0,137,36.0,Big,
1380,95,111,30.0,137,84.0,Big,
1381,49,435,32.0,138,175.0,Big,
1382,37,825,2.0,138,51.0,Big,
1383,20,342,5.0,138,92.0,Big,
1384,94,947,18.0,138,269.0,Big,
1385,39,1033,22.0,138,9.0,Big,
1386,63,769,23.0,138,72.0,Big,
1387,59,657,20.0,138,8.0,Big,
1388,109,788,38.0,138,242.0,Big,
1389,50,132,19.0,138,104.0,Big,
1390,25,670,28.0,138,192.0,Big,
1391,74,101,7.0,139,32.0,Big,
1392,59,1084,15.0,139,121.0,Big,
1393,41,246,14.0,139,161.0,Big,
1394,63,196,27.0,139,30.0,Big,
1395,74,918,7.0,139,282.0,Big,
1396,16,186,21.0,139,328.0,Big,
1397,50,64,36.0,139,66.0,Big,
1398,30,804,9.0,139,89.0,Big,
1399,27,777,11.0,139,102.0,Big,
1400,77,875,13.0,139,25.0,Big,
1401,100,576,1.0,140,170.0,Big,
1402,90,959,28.0,140,61.0,Big,
1403,92,1088,31.0,140,74.0,Big,
1404,59,231,21.0,140,21.0,Big,
1405,55,147,30.0,140,74.0,Big,
1406,27,597,12.0,140,104.0,Big,
1407,42,584,25.0,140,19.0,Big,
1408,47,660,15.0,140,193.0,Big,
1409,98,96,14.0,140,220.0,Big,
1410,11,667,55.0,140,31.0,Big,
1411,55,90,24.0,141,65.0,Big,
1412,70,705,16.0,141,5.0,Big,
1413,84,1037,19.0,141,3.0,Big,
1414,49,854,26.0,141,197.0,Big,
1415,58,401,9.0,141,11.0,Big,
1416,14,588,11.0,141,43.0,Big,
1417,28,801,24.0,141,99.0,Big,
1418,36,738,14.0,141,8.0,Big,
1419,98,884,14.0,141,158.0,Big,
1420,56,189,8.0,141,13.0,Big,
1421,60,332,22.0,142,113.0,Big,
1422,48,942,3.0,142,46.0,Big,
1423,99,38,24.0,142,14.0,Big,
1424,105,329,2.0,142,173.0,Big,
1425,74,812,3.0,142,75.0,Big,
1426,54,403,2.0,142,49.0,Big,
1427,86,1005,29.0,142,173.0,Big,
1428,82,587,17.0,142,82.0,Big,
1429,61,877,33.0,142,91.0,Big,
1430,49,713,4.0,142,9.0,Big,
1431,88,354,15.0,143,22.0,Big,
1432,18,318,18.0,143,88.0,Big,
1433,26,527,9.0,143,137.0,Big,
1434,18,150,12.0,143,105.0,Big,
1435,67,243,12.0,143,5.0,Big,
1436,33,479,14.0,143,182.0,Big,
1437,61,362,24.0,143,79.0,Big,
1438,32,143,25.0,143,10.0,Big,
1439,28,908,15.0,143,174.0,Big,
1440,34,57,37.0,143,139.0,Big,
1441,110,1066,31.0,144,50.0,Big,
1442,109,149,4.0,144,42.0,Big,
1443,70,493,3.0,144,86.0,Big,
1444,83,743,17.0,144,136.0,Big,
1445,41,991,22.0,144,102.0,Big,
1446,26,28,39.0,144,266.0,Big,
1447,21,1070,16.0,144,45.0,Big,
1448,111,436,24.0,144,24.0,Big,
1449,17,307,17.0,144,183.0,Big,
1450,37,1059,25.0,144,63.0,Big,
1451,26,166,25.0,145,158.0,Big,
1452,37,581,8.0,145,181.0,Big,
1453,19,21,40.0,145,72.0,Big,
1454,39,976,30.0,145,289.0,Big,
1455,43,855,22.0,145,233.0,Big,
1456,33,433,18.0,145,184.0,Big,
1457,105,421,11.0,145,38.0,Big,
1458,79,495,26.0,145,63.0,Big,
1459,82,829,7.0,145,104.0,Big,
1460,61,228,32.0,145,203.0,Big,
1461,81,917,26.0,146,27.0,Big,
1462,102,361,14.0,146,184.0,Big,
1463,70,631,2.0,146,168.0,Big,
1464,38,907,19.0,146,95.0,Big,
1465,66,914,49.0,146,117.0,Big,
1466,36,782,19.0,146,27.0,Big,
1467,37,637,9.0,146,83.0,Big,
1468,27,317,19.0,146,153.0,Big,
1469,20,160,13.0,146,46.0,Big,
1470,100,943,10.0,146,87.0,Big,
1471,68,521,16.0,147,76.0,Big,
1472,15,412,28.0,147,13.0,Big,
1473,49,185,31.0,147,238.0,Big,
1474,107,101,14.0,147,8.0,Big,
1475,26,168,15.0,147,158.0,Big,
1476,77,624,18.0,147,129.0,Big,
1477,101,905,10.0,147,155.0,Big,
1478,65,128,17.0,147,180.0,Big,
1479,61,240,13.0,147,76.0,Big,
1480,66,959,6.0,147,92.0,Big,
1481,39,868,37.0,148,69.0,Big,
1482,36,862,19.0,148,113.0,Big,
1483,20,598,15.0,148,127.0,Big,
1484,56,1083,13.0,148,116.0,Big,
1485,56,691,8.0,148,274.0,Big,
1486,35,437,35.0,148,80.0,Big,
1487,101,1029,34.0,148,65.0,Big,
1488,14,325,7.0,148,378.0,Big,
1489,38,683,8.0,148,4.0,Big,
1490,47,643,23.0,148,143.0,Big,
1491,105,903,7.0,149,220.0,Big,
1492,84,755,24.0,149,319.0,Big,
1493,88,324,21.0,149,133.0,Big,
1494,73,708,15.0,149,40.0,Big,
1495,31,998,24.0,149,202.0,Big,
1496,80,505,5.0,149,75.0,Big,
1497,101,171,27.0,149,171.0,Big,
1498,92,214,6.0,149,286.0,Big,
1499,106,4,31.0,149,46.0,Big,
1500,77,739,23.0,149,75.0,Big,
1501,62,1052,7.0,150,100.0,Big,
1502,77,1019,18.0,150,167.0,Big,
1503,74,1015,7.0,150,181.0,Big,
1504,87,746,10.0,150,33.0,Big,
1505,32,1079,23.0,150,197.0,Big,
1506,27,584,14.0,150,197.0,Big,
1507,69,75,23.0,150,172.0,Big,
1508,88,307,11.0,150,1.0,Big,
1509,14,342,25.0,150,122.0,Big,
1510,92,478,12.0,150,117.0,Big,
1511,54,721,18.0,151,118.0,Big,
1512,109,499,38.0,151,50.0,Big,
1513,30,27,18.0,151,29.0,Big,
1514,59,294,10.0,151,67.0,Small,
1515,70,522,45.0,151,313.0,Big,
1516,11,394,23.0,151,125.0,Small,
1517,99,274,22.0,151,151.0,Big,
1518,111,533,20.0,151,166.0,Big,
1519,38,252,17.0,151,200.0,Big,
1520,42,302,10.0,151,15.0,Big,
1521,91,149,21.0,152,36.0,Small,
1522,18,955,34.0,152,160.0,Big,
1523,21,994,14.0,152,20.0,Big,
1524,33,809,8.0,152,43.0,Big,
1525,101,53,25.0,152,148.0,Big,
1526,90,508,25.0,152,120.0,Big,
1527,110,436,14.0,152,51.0,Big,
1528,24,457,11.0,152,47.0,Big,
1529,91,1099,4.0,152,48.0,Big,
1530,109,692,27.0,152,313.0,Big,
1531,96,182,45.0,153,59.0,Big,
1532,45,995,16.0,153,28.0,Big,
1533,73,674,3.0,153,3.0,Big,
1534,34,756,1.0,153,57.0,Big,
1535,55,658,14.0,153,95.0,Big,
1536,38,294,9.0,153,96.0,Big,
1537,19,422,10.0,153,114.0,Big,
1538,25,209,28.0,153,141.0,Big,
1539,31,910,7.0,153,177.0,Big,
1540,32,58,10.0,153,337.0,Big,
1541,101,1047,16.0,154,194.0,Big,
1542,64,383,16.0,154,82.0,Small,
1543,79,478,2.0,154,95.0,Big,
1544,12,12,20.0,154,85.0,Big,
1545,108,303,30.0,154,141.0,Big,
1546,25,250,12.0,154,89.0,Big,
1547,93,539,20.0,154,263.0,Big,
1548,95,1009,41.0,154,83.0,Big,
1549,65,51,31.0,154,138.0,Big,
1550,98,272,10.0,154,148.0,Big,
1551,56,492,21.0,155,25.0,Big,
1552,38,715,21.0,155,311.0,Big,
1553,62,1083,11.0,155,142.0,Big,
1554,76,267,31.0,155,66.0,Big,
1555,32,151,28.0,155,145.0,Big,
1556,80,167,28.0,155,96.0,Big,
1557,55,524,25.0,155,166.0,Big,
1558,58,84,6.0,155,12.0,Big,
1559,91,106,23.0,155,158.0,Big,
1560,12,498,44.0,155,159.0,Big,
1561,37,377,1.0,156,176.0,Big,
1562,88,1058,11.0,156,115.0,Big,
1563,39,1087,4.0,156,95.0,Big,
1564,67,702,27.0,156,104.0,Big,
1565,46,450,34.0,156,87.0,Big,
1566,64,817,27.0,156,37.0,Small,
1567,37,279,29.0,156,50.0,Big,
1568,16,130,24.0,156,263.0,Big,
1569,25,1070,6.0,156,93.0,Big,
1570,94,917,18.0,156,37.0,Big,
1571,56,668,9.0,157,67.0,Big,
1572,20,307,11.0,157,191.0,Big,
1573,89,1032,11.0,157,105.0,Big,
1574,65,371,10.0,157,204.0,Big,
1575,87,353,9.0,157,230.0,Big,
1576,72,119,30.0,157,120.0,Big,
1577,96,1042,5.0,157,75.0,Big,
1578,97,347,14.0,157,73.0,Big,
1579,95,13,15.0,157,75.0,Big,
1580,91,533,11.0,157,64.0,Big,
1581,81,292,21.0,158,103.0,Big,
1582,39,1036,7.0,158,47.0,Big,
1583,11,503,2.0,158,188.0,Big,
1584,24,682,6.0,158,117.0,Big,
1585,34,386,6.0,158,122.0,Big,
1586,19,628,3.0,158,132.0,Big,
1587,17,469,22.0,158,177.0,Big,
1588,97,539,15.0,158,143.0,Big,
1589,74,761,16.0,158,81.0,Big,
1590,84,296,24.0,158,191.0,Big,
1591,28,219,3.0,159,66.0,Big,
1592,71,951,20.0,159,103.0,Big,
1593,35,903,21.0,159,267.0,Big,
1594,23,389,13.0,159,280.0,Big,
1595,37,317,22.0,159,154.0,Big,
1596,42,603,3.0,159,144.0,Big,
1597,110,779,30.0,159,58.0,Big,
1598,58,813,19.0,159,14.0,Big,
1599,52,193,9.0,159,125.0,Big,
1600,18,1058,17.0,159,7.0,Big,
1601,108,851,26.0,160,130.0,Big,
1602,91,615,16.0,160,112.0,Big,
1603,34,374,42.0,160,156.0,Big,
1604,37,135,39.0,160,149.0,Big,
1605,24,181,24.0,160,160.0,Big,
1606,34,814,35.0,160,80.0,Big,
1607,30,908,24.0,160,159.0,Big,
1608,106,539,19.0,160,63.0,Big,
1609,25,502,8.0,160,31.0,Big,
1610,16,49,25.0,160,68.0,Big,
1611,47,235,5.0,161,5.0,Big,
1612,34,12,22.0,161,84.0,Big,
1613,20,970,9.0,161,152.0,Big,
1614,92,176,26.0,161,117.0,Big,
1615,93,819,34.0,161,14.0,Big,
1616,63,901,46.0,161,219.0,Big,
1617,97,466,31.0,161,53.0,Big,
1618,46,696,20.0,161,74.0,Big,
1619,65,741,17.0,161,237.0,Big,
1620,67,714,2.0,161,177.0,Big,
1621,85,568,21.0,162,231.0,Big,
1622,45,110,18.0,162,83.0,Big,
1623,53,644,27.0,162,64.0,Big,
1624,94,301,3.0,162,4.0,Big,
1625,106,421,24.0,162,51.0,Big,
1626,63,858,9.0,162,62.0,Big,
1627,74,439,15.0,162,191.0,Big,
1628,110,1074,16.0,162,162.0,Big,
1629,51,555,11.0,162,93.0,Big,
1630,87,34,7.0,162,59.0,Big,
1631,60,823,12.0,163,264.0,Big,
1632,42,967,17.0,163,76.0,Big,
1633,111,945,3.0,163,220.0,Big,
1634,82,1045,3.0,163,65.0,Big,
1635,52,991,10.0,163,123.0,Big,
1636,100,424,18.0,163,89.0,Big,
1637,104,958,26.0,163,71.0,Big,
1638,54,214,31.0,163,196.0,Big,
1639,50,985,25.0,163,161.0,Big,
1640,87,692,10.0,163,96.0,Big,
1641,60,68,13.0,164,183.0,Big,
1642,65,497,9.0,164,64.0,Big,
1643,45,860,28.0,164,202.0,Big,
1644,31,875,9.0,164,98.0,Big,
1645,110,110,22.0,164,56.0,Big,
1646,43,750,1.0,164,224.0,Big,
1647,73,186,25.0,164,105.0,Big,
1648,102,777,4.0,164,20.0,Big,
1649,97,884,11.0,164,168.0,Big,
1650,97,869,3.0,164,142.0,Big,
1651,57,227,10.0,165,5.0,Big,
1652,44,1026,4.0,165,284.0,Big,
1653,27,676,1.0,165,55.0,Big,
1654,49,156,24.0,165,116.0,Big,
1655,36,731,27.0,165,307.0,Big,
1656,70,252,6.0,165,90.0,Big,
1657,58,688,10.0,165,14.0,Big,
1658,81,494,4.0,165,161.0,Big,
1659,110,807,19.0,165,83.0,Big,
1660,93,868,6.0,165,39.0,Big,
1661,49,374,16.0,166,90.0,Big,
1662,95,136,18.0,166,74.0,Big,
1663,99,1032,6.0,166,16.0,Big,
1664,85,808,36.0,166,33.0,Big,
1665,56,828,23.0,166,71.0,Big,
1666,86,727,26.0,166,190.0,Big,
1667,59,1071,24.0,166,332.0,Big,
1668,101,690,28.0,166,85.0,Big,
1669,42,1018,15.0,166,17.0,Big,
1670,103,563,26.0,166,208.0,Big,
1671,42,680,19.0,167,249.0,Big,
1672,66,327,3.0,167,18.0,Big,
1673,99,26,9.0,167,162.0,Big,
1674,36,749,16.0,167,8.0,Big,
1675,20,950,32.0,167,13.0,Big,
1676,109,800,11.0,167,122.0,Big,
1677,29,195,18.0,167,156.0,Big,
1678,72,391,11.0,167,115.0,Big,
1679,63,89,25.0,167,209.0,Big,
1680,62,909,17.0,167,182.0,Big,
1681,65,494,18.0,168,1.0,Big,
1682,20,192,4.0,168,130.0,Big,
1683,44,381,11.0,168,173.0,Big,
1684,88,596,15.0,168,43.0,Big,
1685,22,776,12.0,168,35.0,Big,
1686,101,584,8.0,168,25.0,Big,
1687,91,53,10.0,168,121.0,Big,
1688,46,821,17.0,168,14.0,Big,
1689,80,963,13.0,168,68.0,Big,
1690,17,222,10.0,168,256.0,Big,
1691,104,784,17.0,169,173.0,Big,
1692,43,160,1.0,169,40.0,Big,
1693,111,886,20.0,169,17.0,Big,
1694,26,454,25.0,169,114.0,Big,
1695,40,543,29.0,169,252.0,Big,
1696,88,1053,24.0,169,91.0,Big,
1697,37,936,4.0,169,154.0,Big,
1698,66,99,29.0,169,46.0,Big,
1699,63,612,17.0,169,92.0,Big,
1700,108,451,17.0,169,22.0,Big,
1701,96,725,10.0,170,197.0,Big,
1702,17,537,20.0,170,106.0,Big,
1703,68,393,10.0,170,79.0,Big,
1704,69,378,24.0,170,212.0,Big,
1705,102,765,14.0,170,192.0,Big,
1706,41,838,20.0,170,126.0,Big,
1707,55,965,10.0,170,89.0,Big,
1708,63,584,14.0,170,11.0,Big,
1709,37,509,15.0,170,27.0,Big,
1710,18,309,15.0,170,165.0,Big,
1711,30,806,14.0,171,295.0,Big,
1712,68,834,18.0,171,24.0,Big,
1713,107,426,8.0,171,166.0,Big,
1714,76,695,17.0,171,115.0,Big,
1715,39,393,7.0,171,69.0,Big,
1716,57,228,16.0,171,73.0,Big,
1717,86,509,27.0,171,163.0,Big,
1718,80,975,8.0,171,154.0,Big,
1719,51,1069,30.0,171,174.0,Big,
1720,57,210,5.0,171,215.0,Big,
1721,65,449,25.0,172,78.0,Big,
1722,85,341,20.0,172,112.0,Big,
1723,110,472,23.0,172,277.0,Big,
1724,62,399,23.0,172,34.0,Big,
1725,25,896,4.0,172,36.0,Big,
1726,58,788,30.0,172,43.0,Big,
1727,110,682,22.0,172,282.0,Big,
1728,92,1061,27.0,172,21.0,Small,
1729,73,618,20.0,172,45.0,Big,
1730,12,301,28.0,172,93.0,Big,
1731,56,318,15.0,173,255.0,Big,
1732,106,394,21.0,173,141.0,Big,
1733,20,536,5.0,173,115.0,Big,
1734,106,627,2.0,173,249.0,Big,
1735,65,310,2.0,173,234.0,Big,
1736,39,723,23.0,173,300.0,Big,
1737,60,226,12.0,173,170.0,Big,
1738,24,813,22.0,173,164.0,Big,
1739,77,301,16.0,173,28.0,Big,
1740,102,168,16.0,173,118.0,Big,
1741,39,233,11.0,174,5.0,Big,
1742,51,241,26.0,174,364.0,Big,
1743,80,698,21.0,174,153.0,Big,
1744,96,580,41.0,174,157.0,Big,
1745,40,948,6.0,174,47.0,Big,
1746,103,258,17.0,174,232.0,Big,
1747,89,37,29.0,174,142.0,Big,
1748,34,689,32.0,174,159.0,Big,
1749,42,746,9.0,174,38.0,Big,
1750,63,660,4.0,174,70.0,Big,
1751,12,340,22.0,175,177.0,Big,
1752,77,839,25.0,175,101.0,Big,
1753,89,691,17.0,175,285.0,Big,
1754,84,96,5.0,175,53.0,Big,
1755,86,188,10.0,175,133.0,Big,
1756,12,23,23.0,175,184.0,Big,
1757,20,863,3.0,175,157.0,Big,
1758,86,690,9.0,175,56.0,Big,
1759,106,845,31.0,175,215.0,Big,
1760,92,793,5.0,175,88.0,Big,
1761,17,1028,41.0,176,176.0,Big,
1762,54,193,18.0,176,53.0,Big,
1763,11,142,41.0,176,46.0,Big,
1764,72,146,13.0,176,128.0,Big,
1765,49,728,40.0,176,180.0,Big,
1766,56,103,7.0,176,203.0,Big,
1767,45,822,21.0,176,151.0,Big,
1768,32,422,17.0,176,19.0,Big,
1769,56,327,2.0,176,78.0,Big,
1770,106,107,16.0,176,1.0,Big,
1771,63,77,15.0,177,74.0,Big,
1772,100,115,16.0,177,43.0,Big,
1773,48,416,15.0,177,125.0,Big,
1774,49,14,3.0,177,210.0,Big,
1775,93,432,9.0,177,292.0,Big,
1776,50,268,30.0,177,15.0,Big,
1777,78,732,12.0,177,169.0,Big,
1778,30,628,10.0,177,188.0,Big,
1779,101,318,14.0,177,78.0,Big,
1780,53,1065,7.0,177,51.0,Big,
1781,94,998,10.0,178,175.0,Big,
1782,69,845,33.0,178,9.0,Big,
1783,66,931,38.0,178,139.0,Big,
1784,22,782,29.0,178,84.0,Big,
1785,98,665,6.0,178,87.0,Big,
1786,95,229,14.0,178,59.0,Big,
1787,30,834,20.0,178,157.0,Big,
1788,71,671,4.0,178,100.0,Big,
1789,26,809,12.0,178,165.0,Big,
1790,21,155,29.0,178,66.0,Big,
1791,91,481,8.0,179,121.0,Big,
1792,74,106,3.0,179,13.0,Big,
1793,52,411,22.0,179,185.0,Big,
1794,20,317,8.0,179,205.0,Big,
1795,101,869,20.0,179,7.0,Big,
1796,25,589,13.0,179,75.0,Big,
1797,92,656,16.0,179,22.0,Big,
1798,64,913,35.0,179,87.0,Big,
1799,65,323,17.0,179,27.0,Big,
1800,18,891,6.0,179,314.0,Big,
